GPA,FamilyIncome,Sleep,District,StudyTime,Pass
2.9,82461,6.5,4,47,1
3.7,61113,6.2,6,47,1
2.8,63632,6.2,5,39,0
2,66854,7.2,5,49,1
2.8,82721,5.5,5,49,1
2.3,55724,5.4,6,19,0
2.2,83586,6.6,3,47,0
3.3,69267,4,5,33,0
2.1,75300,5,6,32,0
2.7,74283,4.9,5,49,1
3.9,47946,5.3,5,50,1
3.8,63519,6.5,5,46,1
3.5,90374,5.6,5,51,1
3.3,89650,5,6,23,0
3.3,72304,4.9,5,29,0
3.2,81132,5.9,5,31,0
3.2,79476,5.4,4,52,1
2.1,92054,6.3,5,36,0
3.8,56163,4.7,5,27,0
3.6,76776,5,5,44,1
3.5,99249,6.9,4,20,0
2.4,97529,6.5,5,42,1
3.9,55968,7.3,5,39,1
2.2,73982,6.2,5,42,1
3.3,77063,5.8,5,22,0
1.6,94692,7.1,5,33,0
2.6,44644,7.1,5,31,0
2.5,92901,5.6,5,46,1
2.3,96133,6.1,6,45,1
2.2,67637,7,5,34,0
3,64845,6.1,5,46,1
2.7,64171,7.9,3,20,0
3.7,66247,6.2,2,41,1
3.5,67303,5.5,4,37,1
2.8,42452,6.7,5,34,0
2,71247,6.4,7,35,1
2.8,55366,5.9,7,25,0
3.3,62272,4.9,6,25,0
3.1,68735,6.9,5,40,1
2.9,87823,5.4,4,60,1
1.8,81909,3.6,4,33,0
2.9,64947,3.2,6,37,0
2.3,56679,4.9,6,50,1
2.4,95230,6.7,4,25,0
2.6,60605,6.1,4,40,0
0.8,99910,4.7,4,44,0
3.4,72732,5.4,7,52,1
3.8,88827,7.5,6,27,1
3.9,71025,5.8,4,31,0
2.9,87856,5.7,5,43,1
3.2,89531,6.6,4,33,0
2.7,64886,6.5,7,21,0
3.5,65680,5.3,6,34,1
2.4,101296,4.1,6,58,1
3,72944,6.7,5,22,0
3.3,78991,5.9,6,33,1
3.4,61714,5.9,6,9,0
2.5,74741,6.7,6,29,0
1.9,83316,6,4,41,0
1.4,29224,4.4,6,48,0
2.7,86791,7.2,5,22,0
1.6,89926,6.2,6,34,0
2.3,56151,4,6,42,0
3.1,108999,5.6,5,59,1
3.3,81141,7.2,6,49,1
3.7,90741,6.6,3,32,0
4,87155,5.7,5,38,1
3.1,66329,5.3,4,46,1
3.1,78062,5.6,5,39,1
2.7,70122,5.7,5,48,1
3.9,117055,6.4,6,29,1
1.8,80027,5.7,5,49,0
3.3,80273,5.1,5,32,0
2.9,65925,2.9,5,64,1
3.6,68910,8.1,5,38,1
2.2,91910,6.9,6,50,1
1.6,84039,5.9,4,46,0
3,85768,5.5,6,33,0
2.6,52125,6.9,7,23,0
2.4,80966,5.9,5,52,1
1.1,72922,6.5,6,40,0
3.2,34860,5.4,5,44,1
3,84245,6.4,4,54,1
1.8,76399,5.7,4,35,0
2.1,67800,5.2,6,41,0
3.6,99853,4.5,5,42,1
2.9,108746,6.2,5,44,1
3.5,54529,5.7,6,29,0
2.5,77890,7.7,3,40,0
1.8,99047,7.1,7,34,1
1.9,72715,3.2,6,54,0
1.7,82691,5.1,6,44,0
2,61235,7,4,31,0
3.8,67663,5.3,4,19,0
2.7,80400,5.3,4,56,1
1.7,76124,6.4,6,50,1
2.9,72950,4,2,39,0
3.2,104278,7.3,4,49,1
2.8,79217,4.5,4,43,0
1.9,72017,5.6,4,40,0
2.5,51598,6.1,5,49,1
3.4,69140,5.6,4,41,1
2,79583,6.9,5,32,0
1.9,71536,5.5,6,37,0
2.9,63828,5.6,5,36,0
2,77546,4.9,4,41,0
2.5,101798,7.5,6,37,1
2.2,76850,6.9,4,52,1
3.7,117869,5.6,5,36,1
3.3,90829,4.5,7,37,1
2,82092,5.5,5,43,0
3.1,70044,6.6,5,28,0
2,77876,5,5,24,0
3.4,101340,5.5,6,29,0
3.9,69894,6.8,3,24,0
2.2,62296,5.5,4,40,0
3.4,56132,6.7,6,35,1
2.6,84262,5.8,5,55,1
3.2,67509,6.8,6,35,1
2.7,80666,5.9,5,36,0
3.8,64647,6.6,6,46,1
2.5,77561,5.3,5,41,0
2.7,79308,6.2,4,29,0
1.7,72312,7.2,5,38,1
3,72234,6.9,4,34,0
1.3,52484,5.8,5,46,0
3.4,85137,5,6,48,1
3.3,63622,6.2,5,46,1
2.7,72072,6.6,5,36,1
2.3,78090,7.1,5,47,1
2.4,79674,5.8,5,47,1
4,67835,3.4,5,36,0
2.6,47438,6.7,4,35,0
2.1,62847,5.1,4,46,0
2.3,55516,3.8,5,47,0
3.1,79408,4.3,5,32,0
3.5,78961,3.9,3,40,0
3.8,83658,6.9,4,49,1
3.6,76481,6.2,4,47,1
1.8,82158,3.3,4,45,0
1.5,67103,5.4,6,38,0
2.2,60756,5.9,3,55,1
2.6,78334,6,5,35,0
3,73657,6.5,5,55,1
3.4,43146,5.1,5,41,1
3.7,75554,6.2,5,29,0
3.5,99043,6.2,3,34,0
2.1,73865,5.6,5,60,1
3.3,68823,5,4,52,1
3.7,72771,5.9,5,58,1
2.9,66165,4.5,4,32,0
2.4,81240,5.8,4,52,1
2.8,97100,5.8,6,41,1
3.9,88314,8.6,4,39,1
3.9,99917,5.9,5,24,0
2.5,78563,6,6,43,1
2.9,59299,4.2,5,28,0
3,58626,5.9,4,44,1
3,91553,4.9,4,42,0
2.2,65121,5.5,5,29,0
2.5,51692,6.2,5,26,0
3.6,111942,7.6,4,41,1
3.8,38803,5.6,4,59,1
2.6,75308,7.7,6,29,1
3.1,65218,6.3,4,52,1
0.7,73714,5.8,3,48,0
2.5,74855,6,4,35,0
2.9,84879,5.8,3,45,1
2.2,72160,5.8,5,36,0
3.6,65155,7.2,5,53,1
2.6,85065,7.2,5,38,1
3.7,93934,5.7,5,32,0
3.6,70110,5.4,5,53,1
2.1,68864,8.4,5,18,0
2.5,92245,6.6,5,41,1
3.3,79856,6.1,5,34,1
1.7,82889,5.9,5,50,1
2.4,102937,4.7,4,42,0
2,69918,6.3,5,31,0
3.4,67411,5.4,5,44,1
3.5,88588,5,5,42,1
3,80062,5.7,4,48,1
2.7,67482,4.4,6,44,0
2.3,77286,7.3,6,49,1
2.8,52444,4.6,4,32,0
3.4,71607,6.4,4,57,1
1.8,75030,3.9,6,46,0
2.6,80573,6.2,8,44,1
2,70098,6.1,6,34,0
2.3,77701,4.9,6,49,1
2.2,71508,6,5,31,0
3.7,83076,6.5,4,39,1
1.9,79878,5.4,5,47,0
3.7,65708,5.9,7,47,1
3.2,93632,7.1,4,38,1
3.7,86501,5.3,4,54,1
2.3,89843,6.9,6,40,1
1.3,77814,5.6,6,47,0
2.7,97863,10.1,5,34,1
3.7,78197,4.7,5,46,1
1.6,90174,6.8,4,45,0
2.5,79079,6.9,4,24,0
2.1,76774,6.5,4,45,1
3.5,87346,5.2,6,49,1
2.8,55428,6.4,6,35,1
2.7,92294,6.1,5,28,0
2.5,71271,5.1,5,40,0
2.1,60208,5.3,4,36,0
2.3,73974,6.1,4,26,0
3.4,79595,5.3,4,48,1
2.2,98195,4.4,5,44,0
3.1,89005,4.5,6,36,0
3.4,61668,6.9,6,33,1
2.4,51108,6.6,5,51,1
3.7,68037,6.3,6,39,1
2.2,64600,6.8,7,27,0
2.8,51116,4.8,5,32,0
1.4,73457,7.6,6,42,1
1.4,80731,6.1,7,44,0
2.5,86065,4.2,4,51,0
1.7,79883,5.4,6,48,0
2.2,59096,7.5,6,29,0
1.9,101396,6.1,4,41,0
2.7,84736,6,4,47,1
2.5,77812,5.7,5,53,1
2.5,72729,4.6,6,37,0
3.9,65560,7.1,7,39,1
3.5,72924,6.2,2,45,1
1.6,60142,5.4,5,39,0
3.1,75054,7.3,4,44,1
1.5,69428,7.5,4,43,0
3,76651,6.1,5,37,1
3.1,65274,4.9,4,24,0
3.9,72429,6.3,5,33,1
2.9,55844,8,5,32,1
3.3,69095,6,5,41,1
2.9,52451,5.3,4,34,0
2.2,75085,6.4,6,35,0
3.2,45240,5.8,4,16,0
2,78546,5.5,5,24,0
3.7,92679,6,5,33,1
1.5,75247,7,5,50,1
3.3,87457,6.8,6,31,1
2.1,75975,7.9,5,44,1
3.9,69306,5.5,5,44,1
2.1,80320,7.2,6,40,1
2.9,80462,7.1,6,33,1
3.6,76237,4.9,4,44,1
3,51358,7.2,5,52,1
3.6,78356,4.4,5,30,0
3.3,73056,6.9,6,54,1
2.3,48081,6.3,6,31,0
2.1,63159,7.2,4,39,0
3.5,73725,6,5,35,1
3.9,81438,6.4,5,47,1
3,60821,6.8,4,46,1
3.5,87438,5.8,3,35,0
3.2,68012,6.7,6,52,1
2.2,54623,6.3,4,36,0
1.5,73445,5.4,5,38,0
1,61465,6.3,5,44,0
3.2,68184,5.9,4,39,0
3.5,83579,6.9,5,38,1
2.5,87450,6.1,5,39,0
2.9,84439,5.5,5,36,0
3.5,49268,7,5,39,1
3.2,66573,6.6,6,25,0
3.2,69200,5.2,6,38,1
3.2,79231,5.4,6,61,1
3.1,71509,6,5,49,1
2.8,91431,7.4,4,37,1
3.7,44485,6.1,7,28,1
2.9,80303,6.8,4,45,1
3.2,56585,7,5,43,1
2.4,69526,6.5,5,37,0
1.6,115055,6.3,4,29,0
3.6,66269,3.9,7,34,0
2.1,78323,7.6,5,34,1
2.4,101224,7.3,5,37,1
3.7,69913,6.3,4,44,1
3.6,50622,4.3,5,31,0
3.2,66492,6.3,6,41,1
3.6,94170,6.6,5,30,1
3.1,117338,5.8,5,38,1
2,82078,6.2,4,30,0
3.1,71791,6.8,5,40,1
2.6,45249,5.3,5,35,0
2,80968,7,6,32,1
2.5,94793,5.5,5,44,0
1.6,49214,5,4,53,0
2.1,88662,8.5,6,53,1
2.6,71190,5.9,4,38,0
2.6,70502,8.4,5,44,1
1.7,73622,5,5,40,0
2,74654,8.7,3,28,0
3.3,67356,4.8,4,35,0
2.5,65240,7.3,6,43,1
3.2,41459,6.3,5,51,1
1.1,82029,5.3,4,41,0
1.7,50514,3.7,6,21,0
2,75692,6.5,5,37,0
3,59195,5.6,4,36,0
3.9,73886,6.4,5,34,1
3.3,68149,5.2,7,38,1
3.2,47121,6.5,4,53,1
3.7,52395,5.8,5,46,1
2,72757,7,5,40,1
3.4,95084,5.4,6,41,1
3.2,75184,6.7,6,40,1
2.1,78862,7.5,4,30,0
2.5,88838,5.7,5,42,0
3.4,54071,6.7,5,51,1
3.9,49427,4.8,5,53,1
2.4,69732,6.7,6,29,0
3.4,49890,4.7,6,52,1
1.6,91703,7.2,5,41,1
3.2,70245,5.1,5,34,0
3.5,47322,5.8,4,37,0
2.1,79264,6.6,6,35,0
0.8,82644,5,4,49,0
2.8,90944,5.2,4,36,0
2.9,84427,7.9,3,38,1
3.9,83074,6.7,7,35,1
1.5,61930,5.4,4,49,0
3.7,92544,6.9,6,30,1
3.1,80557,3.6,7,37,0
2.7,62988,5.5,3,33,0
2.2,56093,7.7,5,42,1
2.5,51019,6.9,5,64,1
1.9,82211,7.7,5,53,1
1.4,56377,6.2,4,45,0
3,82559,4.3,6,47,1
3.6,89992,6.2,6,32,1
2.4,84292,5.7,3,31,0
3.9,73827,5.8,5,41,1
2.5,58565,4.3,5,35,0
3.5,63088,7.6,5,31,1
2.4,102594,5.5,3,38,0
3.5,86029,4.6,4,40,0
1.9,77125,5.7,6,38,0
3.6,81160,3.6,6,27,0
3.9,93141,6.3,3,37,1
3.8,107742,4.7,5,53,1
3.9,83213,5.6,5,52,1
2.7,76871,6,3,41,0
3.7,80763,7.4,5,27,1
3.5,78549,7.5,4,28,1
3,74259,6.8,4,40,1
2,49827,7.2,4,39,0
2,100915,4.3,5,35,0
3.5,83576,7.7,4,29,1
3.2,72640,6,4,24,0
2.8,81693,6.3,5,39,1
2.1,88468,4.8,5,31,0
2.5,80263,7.2,6,26,0
2.8,80455,5.4,5,45,1
2.4,76043,6.1,4,34,0
3.2,69168,7.1,6,32,1
3.1,79493,6.1,5,39,1
2.2,86535,6.7,5,33,0
3.1,68015,6.9,4,53,1
3.2,97643,6.4,5,47,1
3.1,44720,5.6,4,50,1
2.9,73653,5.6,5,29,0
4,64912,8,5,32,1
1.6,94365,7.1,5,53,1
2.5,68071,3.7,6,22,0
1.4,95590,6.9,5,44,0
3.2,84247,7.4,5,47,1
3.4,51069,4.4,4,51,1
2.1,88271,6.1,5,44,1
2.4,65262,5.5,4,40,0
3.3,104020,6,6,32,1
1.7,45832,5.7,5,15,0
3.7,101628,4.6,4,22,0
3.7,80897,3.9,3,47,0
1.8,43513,7.2,6,34,0
2.5,90242,6.3,6,31,0
3.3,63819,7,6,38,1
3.5,87495,6.8,4,23,0
3.9,84009,5,6,27,0
3.3,74967,4,3,55,1
1.6,73359,6,5,60,1
3.4,82292,6.4,5,27,0
3.3,73151,5.4,6,33,0
2.4,71817,6,6,17,0
2.5,51038,6.8,4,41,1
1.4,93895,5.1,4,28,0
2.4,88866,5.3,5,36,0
3.8,79369,5.9,7,35,1
3,72729,5.6,6,41,1
4,90877,4.8,4,50,1
2.5,56760,6.7,5,27,0
3.8,80114,6.4,4,60,1
1.8,68011,5.2,5,33,0
2.9,86343,6.9,5,42,1
2.7,99909,6,5,31,0
2.2,79503,6,6,24,0
3.3,88505,4.6,4,30,0
3.3,77672,5.4,5,40,1
1.6,78663,5.3,5,17,0
2,67738,8.1,3,42,1
2.9,63766,5.5,6,25,0
1.9,71710,6,7,40,1
1.5,76994,6.8,5,33,0
2.7,89512,5.9,6,29,0
2.7,59295,7.1,4,32,0
2.2,82316,7.4,4,28,0
0.8,72884,7.1,5,47,0
2.4,96697,7.2,7,49,1
2.2,64913,6.2,4,43,0
1.2,78394,6.3,6,61,1
3.4,71386,7,5,45,1
3.4,93930,5.5,4,19,0
2.7,80761,5.9,7,26,0
3.3,63336,6.6,6,46,1
3.6,66953,4.3,5,42,0
1.9,87054,5,5,51,1
1.8,85284,6,5,36,0
1.7,66909,6.7,4,40,0
3.4,77178,4.8,5,26,0
2.8,69136,6.5,5,39,1
1.6,92791,5.6,4,44,0
3.5,51191,6.8,5,43,1
2.5,69884,7,5,48,1
3.2,60703,5.1,4,45,1
3.9,77514,7.9,5,34,1
3.4,77225,5.2,4,26,0
2.6,77592,6.4,6,50,1
3.6,69642,6.5,5,41,1
1.7,96922,6.6,3,30,0
2.8,73013,4.9,6,35,0
2.4,58999,6.5,6,36,1
1.4,75999,5.5,6,42,0
2.6,55800,3.4,6,43,0
2.8,102083,6.8,7,32,1
1.7,90625,7.2,4,42,0
3.2,68636,7.9,4,26,1
2.7,79959,7.4,6,40,1
2.7,87029,4.9,5,32,0
1.6,94761,6.1,4,38,0
2.5,59399,6.2,5,53,1
2.9,69367,4.8,4,64,1
3.7,81262,5.2,5,38,1
2,90749,6.5,4,7,0
4,69244,8.4,7,25,1
1.3,93004,6.8,4,45,0
2.1,72317,5.4,5,54,1
3.2,54360,6.7,4,25,0
2.3,83435,5.9,7,51,1
3.7,66637,5.6,5,27,0
2.5,79063,5.8,5,54,1
2.1,48857,5.4,4,36,0
2.1,101523,5.4,8,46,1
3.4,81573,5.9,5,33,0
3.2,80370,6.7,4,28,0
2.6,84748,6.3,5,46,1
3,104426,5.1,4,41,0
3.4,59921,5.3,6,58,1
3.9,61857,5.1,5,37,1
3.8,53405,7,5,42,1
3.2,71853,5.9,6,46,1
2.9,102745,5.5,7,30,0
3.4,99159,5.8,5,51,1
3.2,66018,5.2,4,35,0
2.7,73444,4.9,5,37,0
0.9,65029,3.8,7,46,0
1,93650,6.3,5,43,0
3.6,77677,5.9,5,45,1
2.8,81467,7,5,37,1
2.9,76734,6.8,7,40,1
3.4,99228,6.6,5,36,1
3.8,90399,4.8,4,34,0
2.8,93804,5.6,3,43,0
3.3,84984,5.3,3,45,0
3.7,69229,4.7,6,44,1
0.9,67658,8.2,4,37,0
2,85581,6.5,6,46,1
1.6,68990,5.3,5,45,0
2.5,77914,6.3,6,29,0
3.5,54625,6.3,4,43,1
3.7,64650,5,5,39,1
2.2,48862,6.7,6,51,1
2.7,71302,5.8,7,42,1
3.5,56640,5.4,6,31,1
1.8,79224,5.8,5,51,1
2.2,74834,6.7,6,34,0
1.2,88701,5.9,4,55,0
2.7,65185,7.7,4,49,1
2.3,63166,6.2,6,43,1
2.7,68487,6.4,6,39,1
3,60518,6.6,5,42,1
3.5,97875,6.8,5,39,1
3.8,93000,6.4,6,45,1
3.8,69533,6.4,3,55,1
3.7,63687,6.3,5,43,1
3.5,63315,6.8,6,36,1
3.5,68883,4.9,6,19,0
2.9,81502,5.6,5,50,1
2.2,87307,5.7,5,38,0
3.3,59975,4.6,5,62,1
2.6,87681,3.7,5,59,1
3.4,79239,4.6,6,29,0
3.1,103624,7,5,42,1
3,83711,5.7,7,26,0
2.6,72190,6,3,50,0
2.6,76844,5.8,3,25,0
2.8,65723,6.4,5,33,0
3.6,92351,5.6,6,45,1
3.4,73456,5.8,6,28,0
3.5,90666,8.3,3,45,1
1.8,84129,7.4,4,33,0
3.4,79803,5.7,3,43,1
2.5,79359,5,5,37,0
3.5,105832,4.4,5,42,1
2.8,80330,4.6,5,37,0
3.3,45800,5.1,5,42,1
3.2,71622,4.4,5,44,0
1.8,72399,5.5,6,45,0
3.4,67859,6.9,5,48,1
1.6,70346,6.2,5,34,0
1.3,75322,7.4,6,39,1
3.3,51469,5.1,3,45,0
3.1,81148,6.1,5,29,0
3.1,67534,7,5,32,1
3.4,75821,4.9,5,46,1
2.9,61366,7.7,4,31,1
4,74294,5.3,5,33,0
3.3,96768,7.6,5,34,1
2.2,74258,4.8,5,45,0
2.7,58550,7.3,5,52,1
3,86801,6.9,6,43,1
2.5,59513,5.4,5,36,0
2,77142,6.1,4,47,0
3.7,86488,6,5,29,0
3.8,54606,6.2,5,34,1
3,57274,5.2,5,22,0
1.7,82209,3.5,5,43,0
2.8,61856,5,5,36,0
3.9,69566,5.9,4,47,1
2.9,77738,6.7,5,40,1
2.6,61731,6.7,6,31,0
1.7,61494,6.9,7,33,0
3.5,51144,4.9,6,42,1
3.2,70065,4.7,4,41,0
3.3,71886,6.2,5,32,1
2.4,83055,4.7,6,39,0
3.9,80530,5.2,4,41,1
2.8,91660,6.7,3,47,1
2.6,87375,5.5,4,30,0
2.8,80782,5.9,5,33,0
3,60874,5.6,4,46,1
3.8,67160,7,5,38,1
3.2,82077,6.4,6,35,1
3,65404,6.2,6,42,1
2.1,102426,4.6,5,47,0
1.9,71163,5.7,4,36,0
3.2,39384,6.1,6,37,1
2.2,71278,3.9,4,43,0
1.7,79054,6.9,5,48,1
1.4,123178,7.5,5,45,1
2.2,74712,5.1,5,41,0
0.2,39868,5.9,5,35,0
1.4,92115,5.4,4,50,0
2.5,79374,5.5,6,43,1
1.8,61859,6.1,4,45,0
3.7,93514,4.3,5,13,0
3.8,93932,7.3,4,44,1
2.8,61174,6.3,5,38,1
1.6,72698,4.8,4,38,0
3.4,79067,7,6,38,1
3.8,75953,6.9,5,38,1
2.6,80090,6.5,5,20,0
1.7,56402,5.9,5,36,0
2.8,53443,5.1,5,30,0
1.5,56947,6.4,5,48,0
3.4,87929,6.7,5,41,1
4,58879,6.3,5,46,1
1.7,57092,4.7,6,51,0
3.3,116052,7.2,4,26,0
2.6,55705,6.7,5,47,1
3.4,78658,4.3,5,36,0
2.1,52005,6.4,5,30,0
1.5,86780,6.7,5,29,0
1.5,94595,5.8,4,38,0
2.8,84498,6.2,4,53,1
1.2,105550,5.4,4,50,0
2,109595,6.3,5,26,0
2.5,62641,6.3,4,37,0
3.7,50319,7.7,4,23,1
3.8,65501,8.2,5,35,1
3.6,70078,7.3,5,42,1
2.9,73129,6.6,6,49,1
2.6,99654,6.5,5,23,0
2.3,36788,7.1,5,47,1
2.9,91780,7.9,4,28,0
2.7,59561,4.2,4,29,0
2,75408,7.2,5,29,0
3.1,79890,5.5,4,45,1
3.2,53890,4.6,4,36,0
1.1,27952,5.6,3,46,0
3.1,54222,4.8,4,39,0
3.3,72640,4.1,6,46,1
3.3,50824,5.4,6,29,0
3.8,71234,6.5,4,35,1
2.3,50994,6.3,4,32,0
3.4,83681,6.3,4,39,1
3.4,91881,5.2,6,38,1
3,87360,5.7,3,29,0
1.8,68395,8.1,5,24,0
3.6,94880,6,4,50,1
3.1,58689,5.7,4,39,0
1.6,87027,4.3,3,36,0
3.6,65918,6.5,5,48,1
3.1,55266,6.5,4,39,1
3.7,110284,5.2,4,45,1
2.8,54563,4.8,4,35,0
3,64725,6.2,4,44,1
3.8,72402,5.4,7,41,1
1.3,85124,4.9,3,50,0
2.6,67616,6.3,6,52,1
3.6,66585,6.2,3,24,0
3.9,67652,6.4,5,30,1
3.7,89336,5.6,6,37,1
3.9,84546,5.3,5,46,1
3.5,44770,4.5,7,26,0
1.6,45083,4.4,5,41,0
2,92855,5.5,6,48,1
2.6,90140,5.5,4,48,1
2.9,82879,6,5,40,1
2.3,88757,6.3,5,25,0
2.2,68200,6.4,6,32,0
4,78158,4.7,5,41,1
3.3,80885,6.5,5,32,1
1.4,77380,5.5,6,34,0
3.4,75905,5.1,6,42,1
3.6,92649,6.1,3,41,1
3,71367,5.9,5,36,1
3,63087,7.7,4,46,1
3.4,91227,5.6,6,43,1
2.8,65224,5.6,5,32,0
2.1,70630,6.4,5,38,0
2.7,57682,7.6,6,48,1
2.3,72192,4.9,7,53,1
3.5,58826,7,3,36,1
3.3,73082,6.9,5,49,1
2.6,53172,5.4,4,39,0
3.4,84333,5.7,4,46,1
3.4,54582,5.3,6,31,0
3.3,83642,6.3,4,51,1
2.2,60521,5.7,5,44,0
1.4,77416,6.5,7,51,1
3.9,58513,6.6,6,39,1
2.3,77212,5.2,6,49,1
3.4,93168,8,4,28,1
2.9,69588,7.3,5,36,1
3.1,48321,7.3,4,43,1
2.3,95157,7.2,4,43,1
2.6,62197,5.7,5,14,0
3.2,63746,5.3,7,38,1
2,56830,6.3,4,38,0
3.1,74310,6.8,4,42,1
0.5,69423,6.4,3,30,0
2.4,87248,7.8,5,58,1
2.8,67944,5.9,5,67,1
3.5,98878,4.1,6,28,0
2.8,67700,6,6,39,1
3.7,84822,6.5,4,59,1
3.7,112946,5.6,5,43,1
3.6,87368,5.5,4,41,1
3.7,80875,6.8,5,37,1
1.8,76660,6.9,6,40,1
3.9,84296,5.3,4,46,1
3.2,66341,8.2,5,26,1
2.4,63700,6.3,6,38,1
3.9,66561,5.4,4,53,1
2.7,86605,7.6,6,34,1
3.4,70439,4.9,5,52,1
2.8,57440,6.1,6,27,0
3,76901,5.7,5,40,1
3.1,81212,5.9,5,38,1
3.4,82761,5.6,5,46,1
3.6,63901,6.6,4,51,1
2.9,88432,6.8,5,30,0
3.1,80780,5,5,32,0
3.9,76880,5,4,38,0
2.8,78395,5.8,5,22,0
2.5,56256,7,6,29,0
3.4,54492,3.9,5,39,0
3.4,68976,6.3,3,38,0
3.7,68216,5.6,3,28,0
2.5,63794,6.5,6,38,1
3.4,81420,5.4,5,40,1
2.8,73076,6.6,5,44,1
3.4,65060,5.4,6,32,1
3.1,62107,5.9,6,24,0
4,71516,5.3,6,33,1
2.3,81773,4.5,7,48,1
2.2,65675,5.2,6,26,0
3.7,85461,5.6,7,50,1
1.7,114273,5.2,8,39,0
2.5,56149,6.7,6,35,1
1.3,91500,7.2,6,46,1
3.1,57330,6.8,5,43,1
2.2,79761,5.7,5,42,0
1.6,88375,4.6,5,49,0
2.4,76044,6.3,5,48,1
2.7,71748,5.8,4,56,1
2.1,66811,6.2,5,31,0
2.4,69232,6.7,5,46,1
2.6,50934,6.9,5,27,0
2.8,56152,5.2,3,43,0
3.6,90100,6.3,5,33,1
1.4,83848,4.5,3,36,0
2.9,73958,5.6,5,31,0
2.9,72047,6.7,6,50,1
0.6,71143,5.4,4,35,0
2.3,75319,4.7,6,15,0
2.2,83727,5.5,5,63,1
2.6,95805,6.4,4,43,1
2.6,92745,6.4,5,34,0
2.7,61393,7,6,55,1
2,56658,5.4,4,52,0
3.4,72937,6.1,4,33,0
3.4,77798,5.8,5,63,1
2.9,71538,5.4,6,51,1
2.3,86181,6.7,6,45,1
3.4,52053,6,4,42,1
1.3,29858,4.5,4,43,0
1.5,68590,7.6,6,36,1
2.8,74443,5.4,5,39,0
4,94117,6.3,6,31,1
2.4,75988,6.7,3,19,0
1.3,72634,5.6,6,38,0
1.3,72328,6.3,4,37,0
2.8,66663,6.7,4,33,0
2.3,65819,4.9,4,23,0
3.8,65533,6.4,4,39,1
2.4,70568,4.3,3,42,0
3.6,90217,6.9,5,31,1
3.8,103454,5.1,4,42,1
3.9,76107,7.2,3,45,1
2.5,73909,6.4,5,27,0
2.8,75795,6.7,7,39,1
3,79406,6.5,6,49,1
3.3,74898,4.5,5,41,0
3.1,61008,5.7,6,29,0
4,84733,6.3,6,46,1
2.4,83935,4.8,3,34,0
2.3,97902,5.7,5,38,0
2.4,76694,7.3,4,27,0
2.8,65515,6.6,4,66,1
1.2,108101,5.7,6,55,1
2.7,80148,4.9,5,19,0
3.2,73280,6.1,5,29,0
2.1,55873,5.9,6,37,0
2.3,61980,6.1,5,22,0
2.4,92073,7,6,49,1
3.1,68026,5.9,6,34,1
3.7,87245,6.6,4,32,1
1.9,73372,6.7,6,29,0
3.3,61826,6.8,6,36,1
2.2,87463,6,6,41,1
1.6,66735,7.3,4,43,0
3.5,67178,6.1,5,52,1
3.5,62482,4.4,3,48,0
3.3,44395,6,5,36,1
2.1,56673,5.4,6,46,1
0.6,74413,4.6,5,48,0
3.1,71478,3.3,5,52,0
1.7,43052,6.3,4,56,1
3.7,49548,5.9,6,25,0
2.8,91152,6.3,4,40,0
3.3,75636,4.4,5,38,0
4,66282,7,5,48,1
2.3,94434,6.8,5,46,1
3.2,70789,5.2,4,37,0
1.4,60425,4.6,5,36,0
3.4,77959,5.7,6,38,1
2.4,65313,5.7,6,67,1
0.5,99880,7.5,5,18,0
2.6,105823,8.6,6,16,0
2.8,67838,7.2,5,48,1
1.2,86843,6.3,4,33,0
3.7,93210,5.8,6,22,0
2.4,90004,5.4,6,33,0
3.8,103977,4.7,3,30,0
3.5,102705,5.4,5,34,0
3.9,70176,5.5,5,45,1
2.6,54436,6.6,4,26,0
3.4,63827,6.8,6,28,1
2.6,92631,5.7,5,40,0
2.4,75456,6.9,7,54,1
2.7,74915,6.2,6,40,1
3.1,65735,3.2,4,44,0
1.9,59113,6.1,5,46,0
2.5,97356,5.7,6,38,1
1.2,85134,6.8,3,25,0
2.7,75350,6.4,5,37,0
0.8,71283,6,5,39,0
2.8,82047,4.8,5,42,0
2,92481,6.4,6,40,1
3.6,84779,5.8,5,46,1
3,85492,7.2,6,27,1
3.4,77389,5.3,5,38,1
2.1,67048,6.3,4,25,0
3.2,70525,4.6,4,35,0
2.8,68163,6,5,33,0
4,49739,5.2,1,42,0
2.2,75842,5.9,4,38,0
2.3,75440,5.9,6,35,0
0.6,65494,6.1,4,41,0
2.8,92806,8.3,6,33,1
3,84336,7.6,5,27,0
4,73951,7,6,34,1
3.3,75332,6.4,6,37,1
2.3,100790,5.4,7,43,1
1.2,58324,7.3,6,41,1
3.3,59384,6.1,6,32,1
3.3,64246,5.1,3,18,0
3.2,72768,6.9,4,21,0
3.1,51699,5,5,46,1
2.9,108745,6.4,3,26,0
2.9,71573,6.7,5,30,0
3.4,86176,4.9,3,31,0
1.5,49238,4.9,5,37,0
3,89139,7,5,25,0
3.6,62785,7.7,3,48,1
2.5,87399,6.9,6,23,0
1.6,59392,6,6,43,1
2.1,45198,6.6,6,29,0
1.7,79739,5.4,6,54,1
2.6,53098,5.8,4,37,0
2.4,47329,7.1,5,54,1
3.6,74976,6.1,6,41,1
3.4,101776,7.6,5,39,1
3.2,98234,6.4,6,50,1
3.1,77920,4.3,4,32,0
2.5,36072,6.1,4,54,1
2.7,72604,5.9,3,27,0
1.8,112896,5.5,7,51,1
1.7,79140,5.6,3,40,0
3.6,94748,6.9,5,34,1
2.3,87465,4.8,5,54,1
1.2,60304,6.4,5,42,0
3.5,91692,6.4,7,30,1
2.9,44293,4.9,5,47,1
3.1,64309,5.9,4,29,0
1.5,94151,5,7,37,0
3,41555,4.1,4,24,0
1.6,77855,5.9,5,35,0
1.9,73930,6.2,7,45,1
2.5,93284,7.2,5,31,0
3.9,62064,5.7,4,27,0
3,90229,5.9,5,25,0
1.4,65380,5.8,5,36,0
3.9,62040,5.3,4,33,0
3.2,78737,4.9,5,35,0
3.8,81144,5.6,6,32,1
2.8,59595,6.2,5,33,0
0.8,73021,5.3,5,18,0
2.7,87981,6,6,45,1
2.7,55832,7,5,57,1
3.4,86793,5.9,6,28,0
2.4,95457,5.6,3,34,0
2.9,78149,7.1,5,38,1
3.2,52553,6.3,3,27,0
1.8,81796,7.5,5,46,1
2.4,36865,4.9,3,50,0
1.3,104230,5,4,44,0
3.2,67164,6.2,6,37,1
3.7,87387,5.5,5,45,1
4,62341,5.7,5,35,1
3.5,75591,7.2,6,35,1
2.3,63244,6.2,4,46,1
3.9,89333,5.2,4,30,0
3.6,82273,7.3,5,40,1
2.5,101194,3.8,8,42,0
3,70760,7.4,6,24,1
2.3,88041,6,5,19,0
1.8,63753,6.2,4,32,0
3,101087,6.6,4,51,1
3.1,78679,5.8,4,23,0
2.6,89467,7.7,5,32,1
3,100986,6.4,5,45,1
1.5,59902,4,3,43,0
2.9,57418,6.2,4,28,0
2.8,83800,7.3,5,46,1
3.1,62728,5.3,4,53,1
3.3,55389,5.7,4,39,1
3.1,82686,4.4,4,48,0
2.4,87235,5.9,5,46,1
2.9,81769,5.3,4,43,0
3.6,82894,6.1,6,45,1
2.3,93614,6,4,58,1
3.9,59589,7.4,4,50,1
2.3,91068,6,6,52,1
2.9,60351,7.4,4,50,1
1.8,74747,7.6,5,20,0
3.5,90905,5.8,4,46,1
3,75082,6.3,5,48,1
2.5,89790,5.2,4,27,0
1.7,76872,5.5,6,27,0
2.7,60541,6.5,5,38,1
1.9,53439,6.6,4,32,0
1.9,78170,4,5,39,0
2.3,56135,5.9,4,36,0
2.7,46506,7.7,5,33,1
2.6,89243,4.9,6,59,1
2.1,51749,5.6,5,26,0
2.5,71521,4.9,6,37,0
2.7,73662,7.5,6,33,1
2.5,63414,5.3,6,32,0
1,85266,5.7,5,43,0
3,78570,7.1,3,41,1
3.3,56980,5.7,5,36,1
3.9,57094,5.2,5,29,0
2.2,62320,6.6,5,37,1
2.4,61194,6.6,5,31,0
2.2,61591,6.4,5,52,1
2.2,69328,5.3,4,60,1
3.4,67954,5.6,5,36,1
2.8,78749,5.6,6,39,1
3.4,85856,6.9,4,42,1
3.6,61450,5.4,6,50,1
2,66844,7.6,3,47,1
3,97512,7.1,4,34,0
2.3,40933,6.8,5,34,0
1.5,46838,6,5,41,0
3,62730,7.3,6,43,1
3.2,70557,4.8,8,37,1
1.8,77713,6.7,6,29,0
2.1,87856,5.6,4,25,0
2.4,72395,4.2,7,36,0
2.3,70603,6.2,6,42,1
3.5,90288,7.7,3,35,1
2.7,44969,8.1,4,38,1
3.7,63629,6.6,6,27,1
2.1,81391,7.5,6,38,1
2.3,37284,4.3,6,22,0
1.5,84473,5.1,5,35,0
1.8,81971,6.4,5,18,0
1.4,71535,8.1,5,43,1
4,79383,4.8,5,44,1
3,80310,6.9,4,48,1
1.7,74046,5.2,5,55,1
2.4,79642,5.2,4,50,0
2.4,58955,5.5,7,44,1
3,89075,6.1,5,34,1
3.8,72727,4.9,2,32,0
2.7,75451,5.1,4,41,0
3.3,106211,5.5,6,43,1
3.5,86337,6.4,6,53,1
3.6,88163,5.9,7,45,1
2.2,73190,5.2,5,48,0
2.4,68378,5.8,5,40,0
3.6,70081,5.5,5,30,0
1.2,78084,4.7,5,33,0
2.4,70857,5.1,4,37,0
3.5,62715,6.2,4,32,0
2.6,87228,6.1,7,31,0
1.8,93511,4.4,5,39,0
3.1,95058,4.8,6,38,1
2.3,91780,7.3,6,39,1
2.1,52981,6.9,6,31,0
3.1,63332,7.5,8,23,1
3.2,74523,6.9,5,24,0
3.1,89298,6.8,4,18,0
2.7,67140,6.3,5,35,0
3.3,86195,7.1,6,48,1
3.1,89879,6.2,5,35,1
4,73517,5.3,5,32,0
3.6,76589,6.8,4,34,1
4,84609,6.9,4,44,1
2.8,64954,4.8,4,47,0
1.9,100382,5.1,5,52,1
2.8,63889,4.8,5,42,0
3.4,78288,5.7,5,34,0
3.2,72096,6.1,4,48,1
1.1,32037,6.2,4,34,0
2.9,59773,5.3,5,41,0
3.2,103606,6.7,4,48,1
2.1,85851,5.6,5,39,0
3,92794,6.6,3,40,0
2.5,72246,6.5,5,63,1
2.7,81126,4.3,5,40,0
2.4,60368,3.6,5,41,0
2.4,70037,6,5,47,1
3.1,55787,6.7,5,48,1
0.9,71430,5.6,5,38,0
3.7,82993,4.4,5,45,1
2.8,67116,4.5,5,43,0
2.5,74126,5.2,5,45,0
3.6,78026,6.7,5,45,1
1.3,98735,4.9,3,50,0
2.3,64496,6.4,6,47,1
3.2,52394,5.5,5,33,0
1.5,65829,5.9,6,33,0
3.2,84032,5.6,7,44,1
3.6,79844,6,6,39,1
3.3,74588,5.8,5,42,1
1.7,68634,6.1,6,24,0
3.2,67598,5.2,4,28,0
2.3,74907,5.5,5,41,0
2.5,59318,7,8,35,1
3.4,89404,5.9,5,45,1
1.6,52885,5.2,6,37,0
1.2,83609,5.6,6,37,0
2.1,64648,5.4,4,26,0
3.3,65947,5.5,5,34,0
2,70190,6,5,47,1
0.7,58702,5.3,5,31,0
2.5,57590,7.8,5,35,1
1.1,57107,6,4,33,0
3.1,83766,6.6,5,32,0
3.5,58432,6.3,5,40,1
1.9,66618,4.5,6,58,1
1.3,88639,4.8,4,36,0
3.1,53366,6.6,6,55,1
3.6,96415,4.9,5,36,0
0.7,72891,6.7,5,32,0
3.5,72875,6,4,30,0
3.4,74149,6.8,3,36,1
2.4,74008,6.5,6,55,1
3.1,38595,5.8,4,37,0
1.6,65858,8.2,5,37,1
3.4,58778,5.2,2,42,0
2.9,67046,6.4,5,36,1
3.4,73903,6.5,4,36,1
1,94904,5.7,6,36,0
2.3,63661,4.6,3,37,0
3.1,80819,5.1,5,52,1
3.6,75326,4.8,4,32,0
2.3,46030,6.5,5,51,1
3.1,81301,6.1,5,29,0
2.6,45461,5.6,6,25,0
3.7,73014,6.1,5,57,1
3.1,36842,5.3,5,39,0
1.6,89702,6.3,3,60,1
3.5,39895,5.9,6,40,1
2.3,96473,3.7,5,47,0
1.3,73850,7.8,2,36,0
2.1,76625,5,6,26,0
3.3,103566,5.9,5,41,1
3.1,70746,5.2,4,28,0
3.4,75636,8.4,5,42,1
2.2,65612,6.8,5,36,0
2.7,101185,5,5,33,0
1.2,60546,6,5,44,0
2.9,54984,6.9,8,40,1
0.9,99651,7,5,57,1
1.2,59692,5,6,29,0
1.6,67381,3.7,4,57,0
2.6,66172,7.2,5,42,1
2.8,87193,5.8,6,32,0
2.6,67303,6.5,6,16,0
3.3,81253,6.2,5,48,1
1.5,89600,7.2,5,46,1
2.8,75040,5.7,6,45,1
1.8,89901,6.5,7,44,1
1.6,63131,5.5,6,41,0
2.4,83573,6.8,7,46,1
4,84727,5.6,5,46,1
1.9,80056,8.4,5,47,1
2.4,64083,5.6,5,49,1
1.2,53574,5.5,5,26,0
2.6,65240,6.6,5,36,1
4,75868,5.9,3,44,1
3.7,74244,7.2,6,41,1
2.7,61201,7.2,5,47,1
2.8,57403,7.5,6,39,1
3.6,85203,5.3,5,30,0
4,98571,5.9,4,46,1
3.9,60772,4.6,6,40,1
1.6,87745,5.1,3,48,0
1.7,42528,5.7,5,29,0
2.1,65780,6.7,4,48,1
3.2,70119,6.6,5,42,1
4,62069,7.7,5,45,1
3.2,108457,5.6,4,45,1
3.1,81444,6.8,4,49,1
3.2,77009,6.6,3,45,1
3.2,52364,6.7,4,37,1
1.5,83650,7.1,4,40,0
3,75539,5.6,5,34,0
1.1,80586,7.2,4,50,0
2.6,74229,4.5,5,47,1
2.6,77056,5,4,25,0
3.5,81390,6.9,5,40,1
2.4,63588,6.9,5,25,0
2.2,49247,6.7,5,36,0
2,111217,6.9,6,37,1
2.8,57603,5,4,38,0
1.6,76628,6.7,5,49,1
3.5,60014,6.6,6,31,1
1.9,83086,6,7,46,1
2.5,75077,5.8,6,43,1
2.5,52004,5.3,3,37,0
3.2,89249,7.1,6,46,1
2.5,62422,5.8,5,40,0
3.6,92860,6.4,6,37,1
2.6,82887,6.7,5,36,1
1,106691,6.7,5,50,1
2.5,66792,6.6,4,52,1
1.6,64527,5.7,5,21,0
2.2,81341,6.1,4,54,1
3.1,58360,7,6,43,1
3.2,70320,5.3,5,51,1
2.4,71359,8.5,5,35,1
1.7,88712,6.2,7,52,1
2.7,54644,5.7,6,45,1
2.9,73337,6.3,5,40,1
2.3,85248,4.1,7,37,0
1.7,89452,5.2,6,23,0
3.3,66164,5.5,5,27,0
0.8,67924,6.7,6,20,0
1.7,83685,6.4,6,51,1
2.6,87365,4.7,5,30,0
3.3,86422,6.8,2,45,1
3.2,84557,6.3,5,34,1
1.2,64238,4.3,6,49,0
2.7,75389,5.4,6,45,1
3.9,51814,4.9,3,52,1
3.3,102016,6.8,6,31,1
3.8,90022,4,5,44,1
2.3,65073,4.2,6,44,0
2.4,92913,6.9,6,33,1
3.3,81839,4.7,5,52,1
2.5,78375,5.5,6,53,1
2.7,68815,4.8,4,46,0
3.7,58924,7.4,5,28,1
3.6,53417,6.8,6,48,1
1.8,82473,6.2,5,35,0
4,79242,7.7,5,45,1
1,91325,5.3,6,33,0
3.1,74201,6,4,30,0
2.3,93770,6.9,5,44,1
0.2,59956,7.2,4,22,0
3.3,89053,6.5,4,34,0
3.2,68889,6.1,5,46,1
2.5,56708,6.6,4,53,1
2.1,55396,6.1,5,43,0
3.3,53170,5.3,5,30,0
1.5,73306,6.8,5,37,0
1.7,92081,6.7,5,35,0
3.4,62576,3.9,4,32,0
2.9,86534,4.8,5,44,0
0.8,59835,4.8,6,30,0
3.1,93482,3.6,5,28,0
1.5,89413,6.2,5,36,0
2.1,44753,7.4,5,24,0
2.6,85436,6.5,6,33,1
2.2,84103,7,4,25,0
3.5,69977,6.4,4,45,1
3.2,104817,7,5,49,1
3.5,76381,5.9,5,25,0
1.8,85082,5.6,6,42,0
3.9,64705,6.9,5,45,1
0.9,63753,6.2,6,36,0
3.4,63962,5.7,4,52,1
2.3,78028,5.8,5,33,0
3,65359,7,5,33,1
2,120763,6.3,3,37,0
2.2,73552,6,6,28,0
2.7,78637,4.4,6,42,0
3.6,62393,6.3,4,42,1
3.5,91514,6.4,6,32,1
1.4,109537,4.3,4,56,0
2.5,75082,7.9,4,34,0
1.6,68134,6.3,6,33,0
2.7,66204,5.2,5,41,0
3,63674,6.3,5,32,0
3,60723,6.8,5,30,0
2.4,52932,7.9,6,33,1
3.2,93930,5.7,5,30,0
2.9,101580,5.7,7,38,1
3.1,69703,5.9,5,43,1
2.9,57257,8.1,6,37,1
2.4,65992,5.2,5,44,0
2.8,72328,6.2,5,41,1
2.3,61709,5.7,4,46,0
3.6,50457,7.7,4,36,1
2.8,71057,6.4,5,38,1
3.2,66168,6.3,3,42,0
3.3,105960,5.4,6,39,1
1.9,82659,6.4,5,32,0
3.9,55422,6,6,24,0
2.2,57567,5.8,4,33,0
2.1,62502,7,4,47,1
0.9,124196,4.5,5,26,0
3.3,74331,6.2,5,55,1
3.7,77598,5.5,5,35,1
1.9,75476,6.2,3,46,0
2.5,61655,5.5,5,49,1
1.9,53092,7.1,7,31,0
2.2,75907,6.1,7,37,1
2.8,92901,4.8,6,41,0
2,95478,5.7,4,41,0
2.2,92189,5.4,5,30,0
3.9,75764,4,5,40,0
3.6,78349,4.1,5,31,0
2.9,74402,6.3,5,39,1
3.7,60338,6.7,5,33,1
3.6,73828,6.7,5,15,0
3.9,79140,7.7,4,47,1
3.4,90833,4.6,5,32,0
1.8,109102,8.2,6,33,1
2,68223,5.6,5,56,1
1.9,83343,6.1,5,42,0
3.8,52474,7.7,5,40,1
4,60869,6.7,5,45,1
1.9,70002,6.6,6,25,0
3.2,76384,4.7,6,35,0
1.8,72011,6.2,7,29,0
2.9,62333,5.4,6,36,0
1.8,53278,7.2,6,50,1
1.5,103530,7.1,4,33,0
3,87440,4.1,6,54,1
2.8,80820,6.7,5,29,0
2.2,65824,4.6,5,66,1
2.4,57604,7,6,36,1
3.6,75703,5.2,5,27,0
2.5,66131,5.8,6,25,0
2.3,50162,5.3,4,32,0
3.9,68895,5.1,4,36,0
3.2,78373,4.7,4,19,0
2.3,73308,7.5,4,33,0
3,83843,6.8,6,31,1
2.5,88676,6.2,5,36,0
3.6,87607,7.3,6,32,1
2.8,59302,5.9,4,37,0
4,68359,6.3,6,34,1
2.8,78582,4.7,5,28,0
3.3,89326,6.4,3,38,0
2.5,76877,3.8,4,37,0
2.7,76827,6.5,5,32,0
3.1,76854,6.2,7,44,1
0.6,77953,6.8,8,47,1
3.6,78008,7.5,4,48,1
3.5,76898,6.8,4,50,1
3.1,92111,5,6,46,1
1.3,88193,5.9,5,46,0
3.7,69295,4.4,4,34,0
1.3,53637,7.4,6,42,1
3.1,53197,5.7,6,37,1
2.7,84239,5.1,6,57,1
3.8,72017,5.9,4,39,1
3.8,74075,5.9,5,52,1
1.8,85234,4.7,5,42,0
2.6,84257,7.8,3,32,0
0.8,91412,5.6,4,36,0
1.9,89171,6.7,4,46,0
3,95609,6.2,6,35,1
2.8,57067,7,5,39,1
1.3,79740,4.7,5,31,0
3.2,98119,5.1,5,29,0
2.6,71040,7.8,7,32,1
3.6,73322,5.9,5,44,1
3.4,62765,5.5,6,28,0
3.3,67831,6.8,6,54,1
2.4,63152,6.4,5,38,1
3.1,73609,5,4,52,1
2,92132,5.1,6,31,0
2.4,106610,4.2,6,30,0
2.1,88505,4.4,4,35,0
1.7,80073,8.4,6,32,1
3.2,47853,6.2,3,36,0
2.8,51726,5.3,5,49,1
2.9,78765,6.1,6,42,1
1.9,45015,7.2,5,38,0
2.2,71656,4.4,5,48,0
2.8,80178,7,7,19,0
2.8,52738,5.5,7,28,0
2.5,59800,5.5,5,44,1
1.7,75775,5,4,32,0
2.3,98870,6.9,6,25,0
3.7,60851,5.9,5,40,1
3.2,68653,6,4,33,0
3.4,76955,6.3,5,31,0
1.9,71726,7.8,6,18,0
2.8,88581,6.8,4,55,1
3.7,60989,6.6,6,44,1
2.8,47980,4.3,3,45,0
1.1,83997,6.1,8,36,0
1.6,67540,6.3,3,52,0
1.9,50936,5.5,4,45,0
1.9,73034,6.7,4,47,1
3.6,81079,6.5,5,26,0
3.9,79010,5,7,29,1
3.1,72668,6.9,4,35,0
3.7,75007,6.2,5,36,1
3.2,77865,5.1,5,32,0
3.6,72251,4.9,5,39,0
3.3,93360,7.5,5,32,1
2.4,91626,5.1,5,59,1
2.6,68443,5.7,4,26,0
2.9,67991,6.7,4,24,0
2.9,95240,7.6,4,42,1
1.5,66007,6.6,5,32,0
3,66344,5.8,4,38,0
3.5,81992,4.3,5,36,0
3.2,73846,6.4,4,45,1
2.9,59340,6.4,6,41,1
2.7,58481,5.5,5,39,0
3.8,92307,7,6,31,1
2.6,88322,5.4,6,35,0
1.9,53190,6.9,5,41,1
2,122879,6.6,4,63,1
3.1,58388,7.1,4,42,1
3.7,76249,5.9,3,25,0
2.9,87725,6.1,5,47,1
2.1,62178,7.8,6,30,1
2.6,84530,5,5,44,0
3,58090,6.2,5,38,1
2.8,55616,7.3,4,43,1
3,65400,5,5,17,0
2.9,72886,7.5,4,42,1
3.8,66240,6,3,62,1
3,69514,5.1,4,33,0
3.3,80137,3.1,6,53,1
3.1,66608,6.3,6,38,1
1.8,66405,6.6,5,31,0
1.5,62542,6.5,5,31,0
2.2,51513,5.8,5,44,0
1.5,84416,4.3,4,30,0
3.8,75836,5.7,6,32,1
2.3,75102,5.5,5,55,1
2.3,67682,6.9,5,38,1
2.2,57048,6.4,4,40,0
2.5,95403,5.6,6,40,1
2.1,88350,5.9,6,38,0
2.7,87205,5.5,5,35,0
3.4,77645,6.4,5,47,1
2.5,68618,5.2,5,31,0
2.8,84554,7.1,4,37,1
1.4,59702,4.9,2,23,0
3.3,71642,6.3,5,34,0
1.9,82327,5.7,7,43,1
3.3,47987,6.2,6,46,1
3,70964,5.4,4,36,0
2.4,41921,6.2,4,48,1
1.7,54999,5.9,5,40,0
2.4,71391,4.8,4,43,0
3.1,79009,8,4,51,1
2,66471,8,7,33,1
2.3,51300,5.3,5,43,0
3.8,66723,7.3,3,26,0
1.1,91925,7.5,5,42,1
2.6,81043,4.2,5,28,0
2.6,67184,4.9,5,44,0
3.4,71962,5.4,5,34,0
3.2,63952,7.1,3,21,0
1.6,105562,5.6,4,41,0
3.8,63174,7.6,5,33,1
3.5,99348,5.7,4,32,0
4,86284,6.3,4,37,1
2.2,71471,6,4,32,0
1,76925,5,4,17,0
3.7,74861,4.7,4,23,0
2.9,61060,6.8,5,38,1
2.3,55726,5.3,6,35,0
1.9,66429,7.9,4,50,1
3,83135,5.2,6,54,1
2,56517,4.7,4,15,0
2.3,80673,5.4,7,54,1
2.7,73091,6.1,5,47,1
1,94380,5.1,6,52,0
1.7,77307,6.1,4,39,0
2.2,67415,6.5,7,35,1
2.1,101277,5.1,7,47,1
3.7,51191,6.1,4,37,1
2.3,98125,6.2,5,48,1
2.2,57843,7.5,4,43,1
2.7,79902,6,4,18,0
3.3,78055,7.4,3,41,1
3.3,66839,7.8,4,29,1
3.5,72439,6.7,5,37,1
3.5,69965,7.7,5,20,1
3.4,67267,5.7,5,30,0
3.5,60430,4.3,4,49,1
3.9,53592,3.2,4,55,1
3.9,82267,6.5,6,47,1
3.6,88381,5.1,6,34,0
1.7,84687,5.3,5,45,0
3.3,82814,6.7,6,42,1
2.6,45524,5.7,4,32,0
3,111136,7,5,38,1
2.2,79107,7.8,5,44,1
2.4,71004,4.3,6,46,0
2.4,65777,5.1,5,25,0
3.5,54788,7.5,4,29,1
3.1,85210,5.2,5,29,0
3.4,86988,5.7,5,30,0
2.9,55019,5.5,4,40,0
3.9,58468,6.8,6,17,0
3,81399,5.5,6,34,0
1.8,61618,8.9,4,44,1
3.1,75159,4.6,5,48,1
1.8,91730,6.3,4,30,0
0.2,69162,7.4,6,50,1
2.7,100875,6.3,6,34,1
1.8,75119,7,6,39,1
2.6,76353,4.3,5,31,0
3.6,66533,5.1,6,46,1
3.2,96690,5.3,5,46,1
4,88304,6,6,39,1
2.9,68803,7.3,5,43,1
3.7,80414,5.3,6,33,0
2.9,95665,5.3,4,43,0
1.8,104527,6.1,6,41,1
2.5,82379,6.9,5,35,0
1.6,83252,5.2,5,34,0
3,101118,5.6,3,36,0
2.6,74652,5.9,5,56,1
2.2,96885,4.7,4,42,0
3.8,86745,6.3,5,37,1
3.8,78892,5.5,3,40,0
1.2,108156,4.1,5,39,0
1.9,91996,6.8,4,49,1
2.6,96761,7.4,5,41,1
3.9,76647,5.1,7,47,1
2,78320,7,5,26,0
2,65525,8.2,4,34,0
3.3,55332,3.8,3,35,0
3,81247,7.2,4,49,1
2.4,93301,4.7,3,28,0
1.4,57347,4.6,5,55,0
1.9,83814,5.4,5,41,0
2.6,59372,4.9,5,34,0
2.9,50809,5.4,6,51,1
0.9,58146,5.1,5,45,0
2.4,44868,5.2,4,35,0
3,62711,4.8,4,44,0
2,78072,4.7,8,20,0
1.6,89827,5.4,5,51,1
3.7,68692,7.2,5,30,1
3.6,73104,5.4,5,36,1
2.3,73449,4.2,4,52,0
3,60611,6.5,5,32,0
1.6,81339,5,4,31,0
3.4,64558,8.2,5,41,1
3.1,58519,5.6,6,33,0
2.2,61061,7.9,5,39,1
3.2,81979,4.5,5,46,0
3,73672,4.7,7,29,0
3.7,53620,7.4,6,32,1
0.8,82908,5.9,4,42,0
0.9,66979,6.5,6,50,1
2.4,71722,5,6,55,1
2.9,79405,4.9,3,34,0
2.1,104732,5.7,4,43,0
2,107592,4.5,6,48,0
3.3,55447,6.1,4,43,1
1.9,61365,4.8,6,32,0
2.2,68985,6,5,44,1
3,76401,3.5,5,28,0
2.6,76670,4.9,4,29,0
3.1,92391,6.5,4,40,1
2.8,84864,5.7,5,41,1
2.7,69414,3.7,5,49,0
3.3,94538,5.3,4,50,1
2.2,105663,6.5,4,29,0
2.1,68901,6.4,6,53,1
2.3,69422,6,5,37,0
2.9,83326,5.3,5,49,1
2.6,100624,6.6,6,43,1
3.7,81806,4.7,5,58,1
3.3,88205,4.4,5,43,0
2.2,74256,5.4,5,46,0
3.2,105619,5.4,5,42,1
2.9,83488,5.9,5,41,1
3.8,41561,6.9,5,31,1
1.8,70025,5.4,6,54,1
2.7,60962,5.5,3,41,0
3.6,110433,6.1,5,36,1
1.8,77463,5.5,6,46,0
2.5,64861,7.7,5,35,1
3.9,66906,4.6,3,28,0
2.2,57611,5.5,7,38,0
3.1,63079,5.2,4,17,0
2.6,83799,5.2,4,44,0
2.5,65049,6.4,6,37,1
3.4,69886,6.4,5,38,1
2.5,61735,6.8,6,31,1
2.4,75861,6.8,5,53,1
2.1,59054,5.4,5,24,0
1.5,79889,6.7,5,45,0
1.7,78382,5.6,6,34,0
3.7,85155,6.7,5,34,1
1.7,100351,4.8,3,36,0
4,93314,8.5,3,26,1
3.2,81180,4.3,4,38,0
3,74135,7.8,4,42,1
3,61152,6.9,5,55,1
2.4,81017,6.3,4,44,0
2.3,92798,5.1,4,50,0
1,97068,5.9,4,51,0
2.4,39349,6.1,5,50,1
2.1,75920,5.9,5,30,0
3,83691,4.7,5,22,0
3.3,71711,6.8,5,34,1
1.7,83222,5.5,2,41,0
3,63393,4.7,5,29,0
2,83886,6.8,5,36,0
3.1,92984,5.8,4,36,0
2,67594,6.6,4,37,0
2.2,66796,4.4,5,31,0
2.4,99324,4.4,6,59,1
2.9,56194,4.9,7,33,0
2.5,63603,5.1,5,58,1
3.7,88396,6.8,4,49,1
1.6,75267,6.7,5,53,1
3.2,46706,5.1,5,40,0
3.1,72279,6.2,4,46,1
2.5,80740,6.2,4,38,0
1.3,90835,7.9,5,42,1
3.3,72570,5,5,54,1
3.2,101524,7.2,5,50,1
2.9,70190,6.8,7,38,1
1,48978,6.3,5,61,1
2.8,74518,4.5,4,42,0
3.1,55833,7.3,6,44,1
2.9,61970,6.6,5,46,1
0.9,84152,5.8,5,46,0
3.6,85927,4.9,4,34,0
2.4,89729,6.8,5,26,0
2,57368,8,6,38,1
1,61292,5.6,5,41,0
3,67701,5.9,6,50,1
3.4,74047,5.8,3,21,0
1.3,94473,6,6,51,1
1.2,59564,6.1,4,39,0
1.9,67712,5.8,4,32,0
4,81761,7.3,6,40,1
3.3,64549,3.4,5,45,0
1.5,86954,6.3,3,52,0
3.2,82734,3.9,6,56,1
2.2,67359,6.7,4,39,0
1.8,75097,8.4,5,42,1
3.5,58746,5.4,6,36,1
2.4,77374,6.6,6,47,1
3,49421,4.6,4,48,0
1.7,73708,4.5,4,28,0
1.7,96197,8.5,3,47,1
1.7,55741,5.9,5,47,0
2,79316,6.4,5,47,1
1.7,73856,7.3,5,45,1
1.9,83481,5.9,6,41,0
3.1,71656,6.4,6,26,0
2.4,84888,6.2,4,44,1
1.5,85916,6.8,5,18,0
3.1,70472,5.7,5,37,1
2.6,63363,7.3,4,49,1
3.2,105344,5.4,5,38,0
3.3,77399,5,4,53,1
3.1,78546,7.7,6,42,1
2.4,73035,7.3,5,44,1
0.9,66398,8,3,57,1
2.7,89468,5.9,4,36,0
2.8,41627,6.1,7,55,1
2.2,76316,6,6,37,0
3.6,89135,6.6,4,42,1
1.6,85449,9.3,5,44,1
1.9,49259,6.4,5,40,0
1.7,47946,6.2,4,36,0
2.3,73727,6.6,5,47,1
3.2,97087,6.6,3,50,1
2.9,85631,6.2,7,36,1
2.6,77940,4.4,6,40,0
2,82389,6.2,6,33,0
2.8,107792,6.6,4,31,0
2.4,70756,4,4,44,0
2.4,81940,5.6,6,42,1
2.2,68888,6.1,6,24,0
1.8,66309,5.2,5,28,0
2,79935,6.8,5,40,1
3.6,98038,6.9,5,43,1
2.5,92157,5.9,5,48,1
2.9,109344,5.8,5,52,1
1.2,92416,7.9,5,33,0
2.5,73817,7.1,5,32,1
2.8,87447,7.1,5,46,1
3.6,96580,5.4,6,45,1
3.2,66095,5.6,6,36,1
0.9,96083,5.1,6,45,0
2.3,77132,5.5,4,42,0
2.8,70510,7.7,6,36,1
2.2,92884,6.9,6,41,1
3.1,73668,4.6,5,41,0
1.7,60536,4.8,5,44,0
3.7,67352,5.5,5,51,1
3.8,51502,6.9,4,25,0
3.8,72508,7.3,3,52,1
1,101045,5.8,5,44,0
2.3,110051,4.9,5,41,0
2,83236,6.3,5,34,0
3.2,83464,4.6,7,42,1
2.7,64924,6.3,6,42,1
3.7,80931,4.8,5,43,1
2.7,79136,5.3,6,41,1
1.2,99550,6.1,6,32,0
2.5,80068,6.1,5,44,1
2.3,71769,4.1,7,24,0
2.5,87477,5.3,6,42,1
3.6,83644,3.8,4,37,0
1.1,44636,5.4,6,53,0
2,64682,6.2,5,27,0
2.7,71588,6,5,36,0
2.7,93078,4.9,5,10,0
1.5,67061,5.4,5,45,0
3.1,74463,6.5,6,34,1
3.1,64912,5.7,4,30,0
2.8,81802,6.7,5,33,0
2.7,58182,6.6,5,27,0
2.5,85369,4.8,4,40,0
2.5,91251,5.4,6,51,1
2.6,72338,5.3,5,35,0
2.3,68900,6,6,44,1
3.7,44498,5.9,2,56,1
3.2,72179,8.1,3,46,1
3.8,90944,6.2,5,36,1
1.3,87367,6.7,6,32,0
3.9,59240,6.2,6,34,1
2.9,87200,6,4,36,0
3.1,70152,6.1,5,59,1
2.8,78702,3.2,4,38,0
1.6,72403,5.5,6,32,0
0.4,67278,5.5,4,26,0
1.3,67705,7.4,6,51,1
2.2,93508,7.9,4,46,1
3.4,88728,4.3,4,38,0
2.3,98609,5.4,5,31,0
3.5,54050,4.5,4,30,0
2,75587,6.5,5,33,0
3.6,62660,4.8,6,25,0
1.9,81815,5.5,5,45,0
1.4,88575,6.8,7,41,1
3.4,73141,4.8,6,39,0
3.1,87343,5.8,5,53,1
3.7,111262,4.7,4,28,0
2.3,89695,7,5,36,0
1.8,70152,3.4,4,37,0
3.8,75722,6.2,5,50,1
3.3,70493,6.7,5,44,1
2.8,64158,6,6,26,0
3.7,57934,5.7,3,53,1
3.4,66911,6.8,5,45,1
3.3,83449,6.9,6,42,1
1.2,66004,5.1,6,47,0
3,67806,5.9,5,26,0
1.7,62753,4.7,6,30,0
1.7,56974,5.8,6,49,1
3.1,69203,7.8,5,49,1
3.7,79515,5.8,3,30,0
1.9,87037,6.9,5,30,0
3.6,86572,5.5,5,42,1
3.2,104703,7.5,3,28,0
3.3,81446,5.9,5,28,0
2.1,61415,6,7,29,0
3.8,101169,4.7,5,46,1
3.3,61579,5.2,6,47,1
3.6,90559,6.4,6,40,1
2.6,77574,5.6,6,34,0
1.3,68812,5.9,6,39,0
1.3,71196,6,5,38,0
3.6,78371,4.1,6,46,1
3.6,80120,6,5,30,0
3.8,65636,6.8,5,32,1
3.9,95419,7.2,5,30,1
3,54577,5.4,5,38,0
3.4,104404,5.9,5,48,1
3.8,85526,6.4,6,50,1
2.8,52563,6.3,4,43,0
2.4,70315,5.9,5,33,0
1.7,104060,5.1,5,22,0
1.7,90452,7.8,6,29,0
2.4,90620,5.5,7,36,1
2.3,78056,6.8,3,31,0
4,98808,5.9,6,31,1
1.6,67096,5.5,6,33,0
3.2,83606,8.4,4,39,1
0.8,72138,4.8,5,33,0
2.8,89947,4.4,5,43,0
2.8,77268,5.9,5,32,0
3.4,68895,5.1,5,46,1
2.5,74976,5.3,5,35,0
3.3,47667,4.6,4,57,1
2.4,93646,4.2,6,31,0
3.3,73478,5.9,6,17,0
3.2,81613,5.5,4,51,1
2.6,66214,6.3,4,34,0
3.1,89409,5.9,5,47,1
2.9,78628,5.3,5,55,1
1.9,80846,7.1,7,29,1
3,51239,5.8,5,43,1
3,73919,4.8,6,56,1
2.5,64459,7.1,4,39,1
2.2,73093,7,7,35,1
2.6,128655,6.1,8,46,1
3.1,74015,5.8,6,28,0
0.7,91668,6.7,7,48,1
2.8,69070,5.5,4,43,0
3.3,87559,5,5,45,1
3.4,33998,6.6,5,51,1
2.1,90644,5.8,5,40,0
3.7,73933,5.8,6,45,1
2.1,75825,7.3,6,32,1
3.9,104911,5.8,6,46,1
2.7,59479,5.7,5,34,0
1.6,50453,7.4,5,43,1
2,54615,5.9,5,48,1
2,107081,6.5,4,45,0
2.1,75156,5.4,6,50,1
3.6,114355,6.2,5,40,1
2.5,29315,5.5,4,18,0
2.9,62927,4.6,2,47,0
2.3,50163,7.2,6,32,1
1.9,69981,5.3,6,38,0
2.6,76155,7.2,5,42,1
3.4,70141,5.1,3,51,1
1.3,88475,5.2,5,37,0
1.4,86608,6.4,3,42,0
3.7,93986,4.5,3,34,0
2.7,86711,4.5,4,51,0
2.7,75351,7.8,6,48,1
1.3,69805,5.6,6,31,0
1.1,81611,7.1,5,42,0
2.9,61541,6.7,4,50,1
3.4,82315,6.3,6,31,1
3,62459,6.5,5,41,1
2.5,85268,6.6,4,52,1
3.8,79273,6.2,6,39,1
2.8,47576,7.9,5,49,1
2.2,61144,5.7,7,41,1
3.6,66534,6.5,4,32,0
2.9,80989,4.4,5,32,0
2.9,58203,4,6,63,1
3.5,70457,6.6,5,41,1
3,69251,6,4,61,1
3,87216,6.7,5,40,1
4,78406,4.5,6,41,1
3.6,92155,8.4,5,17,1
2.9,58108,4.5,5,32,0
2.4,57277,5.1,3,60,1
3.2,73937,3.8,3,48,0
2.3,68547,6.1,5,45,1
3.4,93031,7.1,7,27,1
2.7,88070,4.8,7,40,0
2.7,56943,5.9,5,40,0
2.6,66635,6.1,6,54,1
2.4,75445,6.7,5,45,1
3,90812,5.2,3,22,0
3.1,49979,6.3,4,49,1
3.1,61203,5.5,6,33,0
1.4,63432,5.1,6,30,0
2.8,48761,5.4,7,44,1
0.9,102767,4.8,4,50,0
3.2,81452,6.4,5,48,1
2.5,87781,4.5,5,45,0
2.4,82910,6.2,5,24,0
2.2,58606,5.6,5,30,0
2.7,102196,5.8,5,38,0
3.5,77951,5.7,4,36,0
2.8,91259,2.5,5,40,0
3,71514,4.7,6,39,0
2.5,78356,3.4,4,45,0
1.8,42808,7,6,45,1
3.3,84293,4.8,6,29,0
1.7,67494,6.4,5,31,0
2.9,87095,6.4,6,35,1
3,70813,5.4,5,35,0
3.8,80683,5.4,5,52,1
2.7,69698,7,4,43,1
3.4,74542,5.3,6,34,0
2.4,92801,2.9,3,25,0
2.3,92333,6.5,5,54,1
3.4,76723,5.9,5,46,1
1.2,93671,6.1,5,40,0
3.6,68162,4.8,6,26,0
1.8,79303,6.1,5,44,0
3.2,47072,5.4,6,31,0
3.5,63012,6.4,4,37,1
2.7,74422,5.6,5,40,0
2.9,59437,5.2,7,44,1
3.8,73927,6.4,5,45,1
3.7,87853,7.1,6,30,1
2.2,58351,4.7,7,45,1
3.3,83841,6,5,55,1
2.6,73604,6,5,44,1
3.4,56422,6.6,5,36,1
1.8,73837,4.8,5,56,1
3.9,45499,6.7,5,50,1
1.9,67515,5.9,5,47,0
1.6,70448,5.2,5,52,0
2.5,61101,5.7,5,30,0
3.5,70006,5.6,6,46,1
2,93216,7.1,3,13,0
3,73922,7.7,6,39,1
1.4,73228,4,5,45,0
2.2,77488,5.5,6,55,1
3.2,81109,6.9,5,39,1
4,59685,6.5,5,41,1
2.2,77291,4.7,4,47,0
1.9,87765,4.4,5,49,0
3.2,73144,8.7,5,27,1
3.6,54835,4.9,6,34,0
2.8,86626,8,4,54,1
3.7,69608,7.4,6,36,1
2.2,76654,4.5,5,49,0
3.6,91985,6.7,5,49,1
3.1,82060,6.2,5,45,1
3.8,65193,5.7,6,39,1
1.3,101509,5.5,6,32,0
2.6,63095,5.7,5,23,0
3.1,80946,7,4,21,0
2.4,106572,6.3,4,54,1
3.7,52882,6.3,4,50,1
2.7,85961,5.1,4,45,0
3.4,91494,3.7,5,31,0
3.1,83033,8.1,6,44,1
4,79882,5.5,5,56,1
2.3,75135,7.2,5,34,0
2.5,75890,4.9,6,14,0
2.3,94022,5.3,4,30,0
2.8,63856,6.8,5,35,1
3.1,99901,5.9,5,26,0
2.7,96508,4.3,6,34,0
2.3,76736,6.1,5,59,1
2.5,64199,5.5,7,43,1
2.9,92119,7.2,5,39,1
3.3,81004,5.4,5,46,1
3.2,100492,3.6,6,44,0
2.4,90433,6.4,5,19,0
2.6,75925,6,5,33,0
2.3,59647,6.2,6,44,1
2.3,52121,7.1,6,42,1
2.4,57892,6.7,6,42,1
2.7,58285,6.8,5,52,1
3.6,88301,6.5,7,36,1
3.3,89107,6.2,6,50,1
3.8,73433,4.9,2,47,0
2.4,93211,6.8,5,56,1
3,71989,5.9,6,41,1
3.3,76004,4.9,6,62,1
3.1,97105,6.6,5,26,0
2.8,71921,5.4,6,28,0
3.5,98194,6.2,5,47,1
3.2,65179,6.2,3,41,1
3.7,72102,6.9,7,39,1
2.6,57125,5.3,5,39,0
3,68207,5.7,5,55,1
0.6,46462,5.3,4,38,0
1.3,71718,3.8,6,33,0
1.9,51142,5.7,5,55,1
2.7,69796,5.4,4,39,0
2.3,97451,7,4,40,0
3.5,39354,5.2,6,43,1
2.6,69746,5.4,4,36,0
1.7,82409,6.9,5,57,1
1.3,64591,4.3,5,46,0
3.4,76709,6.6,5,36,1
1.5,89053,4.6,3,61,0
2.8,91701,6.8,6,31,1
2.8,80057,6.3,6,42,1
3.5,89719,4.2,6,52,1
2.8,86208,5.7,5,29,0
2.7,75023,4.2,4,46,0
2.9,83970,5.8,4,47,1
3.1,60055,4.8,6,33,0
2.9,78137,4.5,4,31,0
2.8,94903,4.2,4,44,0
2.9,93289,6.7,4,23,0
3.9,72399,5.8,5,37,1
3.4,63858,6.5,4,36,1
2.9,116044,5.4,5,17,0
2.7,64981,6.2,5,25,0
2,89927,6,7,49,1
1.9,42606,3.7,6,44,0
2,76940,6.4,6,30,0
1,69125,4.9,4,46,0
2.3,34020,4.2,7,39,0
3.7,91849,8.1,5,39,1
2.8,57571,7.6,4,46,1
3.6,53095,6.6,5,50,1
1.7,89696,5.9,5,33,0
1.7,63153,4,5,23,0
2.8,91308,7.4,4,39,1
3.1,77881,4.8,5,23,0
2.1,83702,6.7,4,27,0
2.6,87859,7.6,5,48,1
2.2,67266,5.6,6,60,1
2.1,57093,4.8,5,38,0
2.4,87634,5.3,4,51,0
2.1,86632,5.7,4,26,0
3.4,64543,5.4,3,47,1
3.4,55490,3.7,5,42,0
1.9,86591,5.1,4,41,0
3.1,82682,6,6,34,1
2.7,60023,4.8,6,37,0
3.2,51660,5.8,6,50,1
3.8,72092,5.6,5,52,1
2.2,97386,6.6,5,43,1
2.9,76250,7.2,5,39,1
1.8,88135,6,5,20,0
2.7,82652,6.7,3,48,1
3.4,68378,9.1,4,39,1
3.8,75987,5.1,5,34,0
3.9,83000,6.2,5,21,0
2.8,105071,6,7,32,1
3.4,64785,6.2,4,58,1
2.4,73959,5.7,5,48,1
3,60164,7,5,49,1
3.5,87442,5.5,5,53,1
2.9,71188,5.7,6,32,0
2.8,94903,5.8,5,28,0
3.9,85211,6.7,6,45,1
2.6,93661,6.1,5,47,1
3.1,59719,3.3,7,33,0
2.6,60279,4.8,5,11,0
2.9,62236,5.2,7,34,0
3.5,80103,6.7,4,46,1
3.2,59368,4.6,4,42,0
1.6,77909,5.9,4,35,0
3.5,99052,6.2,3,36,0
2.4,92243,5.7,5,31,0
2,75728,6,5,37,0
3.8,113662,6.4,4,33,1
3.2,72050,6.9,5,32,1
2.3,106732,5.5,5,30,0
3.2,80715,4.8,5,43,0
3,90109,6.6,5,48,1
3.3,99001,4.9,5,55,1
3.5,81591,5.7,4,50,1
2.4,86068,7.9,4,27,0
3.2,64161,6.1,6,26,0
2.1,77105,5.8,4,46,0
2,86843,6.4,5,45,1
2.2,55377,5.6,4,35,0
3.6,54960,6.7,6,37,1
2.8,78723,5.7,6,41,1
2.5,75648,5.6,4,32,0
2.5,102701,6.5,5,32,0
3.7,108258,6.5,4,43,1
1.5,66671,6.8,3,51,1
3.1,79641,6.1,6,40,1
2.1,101378,7.5,5,29,0
1.3,78811,6.5,5,46,0
3.7,97676,6.6,5,26,0
2.7,57044,5.6,7,54,1
1.4,69067,6.4,7,38,0
2,79794,5.9,3,20,0
1.7,47057,8.2,4,55,1
2.3,71210,5.7,4,19,0
1.9,102198,5.1,7,51,1
2.5,65793,6.8,4,42,1
3.5,91089,6.4,7,39,1
2.2,87543,5.1,6,25,0
3.5,65751,6.3,5,39,1
1.1,70944,6.2,5,31,0
2.5,112308,6.1,5,44,1
3.8,68204,3.7,5,31,0
2.2,56915,4.9,7,46,1
3.2,68391,6.5,4,30,0
2.7,87347,6,4,29,0
3.7,54451,3.7,3,45,0
2.1,78855,7,3,34,0
3,77952,5.8,6,41,1
2.8,104202,5.5,4,45,0
1.8,97158,6.1,5,33,0
3.1,73286,7,5,25,0
3,104534,5.5,4,31,0
3.4,85173,4.9,5,40,1
3,97035,4.5,4,59,1
1.3,77281,3.9,4,32,0
2.5,85551,4.2,6,44,0
3.3,64050,5.4,5,42,1
1.8,79857,5.7,7,46,1
2.1,65389,6.5,5,51,1
3.3,64210,5.5,5,50,1
3.7,84221,6.5,6,37,1
3.2,77797,3.8,5,40,0
3.2,57875,5.9,5,17,0
3.2,72644,5.8,6,32,0
1.5,106897,6,5,24,0
2.3,80321,6.3,8,44,1
1.7,93312,7.1,6,19,0
3.3,80444,4.8,5,38,0
3.6,74694,6.2,6,36,1
3.6,96379,5.8,5,50,1
3,71659,6.7,3,32,0
3.6,63009,6,4,39,1
2.9,99096,6.4,5,43,1
2.9,82062,5.4,5,45,1
3.9,92065,6.5,3,50,1
2.4,90393,6.3,4,46,1
2.9,90627,5,4,16,0
2.3,78043,5.2,6,35,0
3.8,67763,6.2,5,30,1
2.9,86305,5.5,3,59,1
0.4,44904,8,4,54,1
3.3,65589,6.4,4,54,1
2.5,96260,6,5,45,1
3.7,97337,6.2,5,55,1
3.8,85693,5.7,6,40,1
2.4,73520,4.2,7,55,1
3.1,95816,5.6,4,39,0
2.1,80521,3.2,6,35,0
3.9,76143,5.6,5,27,0
2.6,67193,6.3,5,56,1
2.2,86420,5.8,5,36,0
2.6,71927,6.8,5,51,1
3.5,87283,6.6,6,36,1
2.8,67811,7.7,5,33,1
1.8,72083,6.7,7,32,1
3.2,84644,4.7,5,70,1
2.5,101541,5.3,6,56,1
2.9,93609,6.2,3,34,0
3.1,58951,5.6,4,29,0
3.6,97741,6.7,6,42,1
3,66114,5.3,7,39,1
3.5,76218,6.4,4,47,1
3.2,102276,5.8,5,28,0
3.5,79062,5.4,4,48,1
3.3,78261,6.5,4,44,1
3.9,72602,5.8,5,51,1
2.9,72477,5.8,5,54,1
2.5,53784,5.7,4,37,0
1.7,47544,4.6,6,31,0
2.2,74504,6.8,4,55,1
3.5,72804,6,5,46,1
3,74652,4.2,4,45,0
1.3,55358,6.2,4,36,0
2.8,58955,5.5,5,45,1
1.6,69645,5.2,3,46,0
1.5,85610,7.4,6,33,0
2.6,98462,3.9,5,31,0
0.9,79168,8.5,6,33,0
2.3,80943,6.4,4,33,0
3,72821,7,4,24,0
1.8,82486,7.2,6,38,1
3.4,79194,6.3,4,38,1
2.9,98378,5.2,5,45,1
2.2,81660,7.3,5,32,0
2.9,59703,5.9,5,35,1
3.6,88041,6.7,7,24,1
1.9,61515,4.7,7,27,0
1.2,70106,6.1,7,53,1
3.8,62898,5.6,4,25,0
3.8,91150,6.2,4,48,1
2.8,68648,4.5,5,38,0
1.6,80008,4.9,4,32,0
3.4,57138,5.3,4,24,0
3.7,61924,6,4,25,0
1.6,42147,7.3,6,25,0
2.7,57587,5.9,6,36,0
3.3,91009,6.1,8,29,1
3.5,61241,5.4,5,40,1
2.1,51016,7.5,5,41,1
1.9,85129,6.1,6,44,1
3,65205,5.8,5,44,1
1.9,57971,4.1,5,57,0
2.7,109925,4.7,6,42,0
3.6,108522,6.9,4,43,1
2.1,115409,6.3,5,47,1
1.8,80345,5,7,43,0
0.9,92651,5.4,6,48,0
4,84664,7.8,7,33,1
1.6,80140,5.4,6,54,1
3,69657,6.8,5,31,1
2.6,101305,5.6,3,50,1
3.8,105145,6,6,41,1
1.3,52028,4.1,4,31,0
2.5,84317,5,5,25,0
3.2,79803,4.7,4,29,0
2.2,69493,6.3,5,48,1
1.6,72545,5.2,6,42,0
2.6,82387,6.8,5,36,0